{"cameraMode":{"drawMode":0,"name":"Shaded","section":"Shading Mode"},"sceneLighting":false,"audioPlay":false,"sceneViewState":{"showFog":true,"showMaterialUpdate":true,"showSkybox":false,"showFlares":true,"showImageEffects":true,"showParticleSystems":true},"in2DMode":false,"pivot":{"x":1.337501883506775,"y":4.091860771179199,"z":1.3871090412139893},"rotation":{"x":-0.15172404050827027,"y":0.5953173041343689,"z":-0.11573309451341629,"w":-0.780523419380188},"size":1.126734733581543,"orthographic":false}