{"cameraMode":{"drawMode":0,"name":"Shaded","section":"Shading Mode"},"sceneLighting":true,"audioPlay":false,"sceneViewState":{"showFog":true,"showMaterialUpdate":true,"showSkybox":true,"showFlares":true,"showImageEffects":true,"showParticleSystems":true},"in2DMode":false,"pivot":{"x":-17.462976455688478,"y":-3.836738348007202,"z":-8.435382843017579},"rotation":{"x":-0.3395833969116211,"y":-0.09434705972671509,"z":0.034246984869241717,"w":-0.9352067708969116},"size":77.82064056396485,"orthographic":false}