{"cameraMode":{"drawMode":0,"name":"Shaded","section":"Shading Mode"},"sceneLighting":false,"audioPlay":false,"sceneViewState":{"showFog":true,"showMaterialUpdate":true,"showSkybox":false,"showFlares":true,"showImageEffects":true,"showParticleSystems":true},"in2DMode":false,"pivot":{"x":-29.654813766479493,"y":-8.188765525817871,"z":-103.64510345458985},"rotation":{"x":0.1979827880859375,"y":-0.6801326274871826,"z":0.19881726801395417,"w":0.6772778034210205},"size":10.0,"orthographic":false}